<?xml version="1.0" encoding="UTF-8"?>
<payment-processors xmlns="http://www.demandware.com/xml/impex/paymentprocessor/2007-03-31">
    <payment-processor processor-id="DIGITAL_RIVER_DROPIN">
        <preferences>
            <all-instances/>
            <development/>
            <staging/>
            <production/>
        </preferences>
    </payment-processor>
    <payment-processor processor-id="BASIC_CUSTOMER_CREDIT">
        <preferences>
            <all-instances/>
            <development/>
            <staging/>
            <production/>
        </preferences>
    </payment-processor>
    <payment-processor processor-id="DIGITAL_RIVER_ZERO_PAYMENT">
        <description>Payment processor to process orders with zero total </description>
        <preferences>
            <all-instances/>
            <development/>
            <staging/>
            <production/>
        </preferences>
    </payment-processor>
</payment-processors>
