<?xml version="1.0" encoding="UTF-8"?>
<services xmlns="http://www.demandware.com/xml/impex/services/2014-09-26">
    <service-credential service-credential-id="DigitalRiver.API">
        <url>https://api.digitalriver.com</url>
        <user-id/>
    </service-credential>

    <service-profile service-profile-id="DigitalRiver">
        <timeout-millis>10000</timeout-millis>
        <rate-limit-enabled>false</rate-limit-enabled>
        <rate-limit-calls>0</rate-limit-calls>
        <rate-limit-millis>0</rate-limit-millis>
        <cb-enabled>true</cb-enabled>
        <cb-calls>3</cb-calls>
        <cb-millis>10000</cb-millis>
    </service-profile>

    <service service-id="DigitalRiver.http.service">
        <service-type>HTTP</service-type>
        <enabled>true</enabled>
        <log-prefix>DigitalRiver</log-prefix>
        <comm-log-enabled>false</comm-log-enabled>
        <force-prd-enabled>true</force-prd-enabled>
        <mock-mode-enabled>false</mock-mode-enabled>
        <profile-id>DigitalRiver</profile-id>
        <credential-id>DigitalRiver.API</credential-id>
    </service>
</services>
