<?xml version="1.0" encoding="UTF-8"?>
<payment-settings xmlns="http://www.demandware.com/xml/impex/paymentsettings/2009-09-15">
    <payment-method method-id="DIGITAL_RIVER_DROPIN">
        <name xml:lang="x-default">Digital River DropIn</name>
        <enabled-flag>true</enabled-flag>
        <processor-id>DIGITAL_RIVER_DROPIN</processor-id>
    </payment-method>
    <payment-method method-id="GIFT_CERTIFICATE">
        <name xml:lang="x-default">Gift Certificate</name>
        <enabled-flag>true</enabled-flag>
        <processor-id>BASIC_CUSTOMER_CREDIT</processor-id>
    </payment-method>
    <payment-method method-id="DIGITAL_RIVER_ZERO_PAYMENT">
        <name xml:lang="x-default">Digital River Zero Payment</name>
        <enabled-flag>true</enabled-flag>
        <processor-id>DIGITAL_RIVER_ZERO_PAYMENT</processor-id>
    </payment-method>
</payment-settings>
